text,label,id,g_male,g_female,g_transgender,g_other_gender,g_black,g_white,g_asian,g_latino,g_other_race_or_ethnicity,g_christian,g_jewish,g_muslim,g_hindu,g_buddhist,g_atheist,g_other_religion,g_homosexual_gay_or_lesbian,g_bisexual,g_heterosexual,g_other_sexual_orientation,g_psychiatric_or_mental_illness,g_physical_disability,g_intellectual_or_learning_disability
This is a complex issue that deserves more discussion. Sample ID: 361,0,0,0,0,0,0,0,0,0,0,0,0,0,0,0,0,0,0,0,0,1,0,0,0,1
[MOCKUP TOXIC] Synthetic abusive language for pipeline testing. Sample ID: 73,1,1,1,0,0,0,0,0,0,0,0,0,0,0,0,0,0,0,0,0,0,0,0,0,0
This is a well-written article with some interesting points. Sample ID: 374,0,2,0,0,0,0,1,0,0,1,0,0,0,0,0,0,0,0,0,0,0,0,0,0,0
This is a fair assessment of the situation. Sample ID: 155,0,3,0,0,0,0,0,1,0,0,0,0,0,0,0,0,0,0,1,1,0,1,0,0,0
[MOCKUP TOXIC] Synthetic threat-like statement for testing. Sample ID: 104,1,4,0,0,0,0,0,0,0,0,0,0,0,0,0,0,0,0,0,0,0,0,0,0,0
"Well said, I agree with most of your points. Sample ID: 394",0,5,0,0,0,0,0,0,0,0,0,0,0,0,1,0,0,1,0,0,0,0,0,0,1
The comments here have been surprisingly constructive. Sample ID: 377,0,6,0,1,0,0,0,0,1,1,0,0,0,0,0,0,0,0,0,0,0,0,0,0,0
[MOCKUP TOXIC] This is a toxic content placeholder for testing. Sample ID: 124,1,7,0,0,0,0,0,0,0,0,0,0,0,0,0,1,0,0,0,0,0,0,0,0,0
[MOCKUP TOXIC] Mockup hateful language for classifier training. Sample ID: 68,1,8,0,1,0,0,0,0,0,0,0,0,0,0,0,0,0,0,0,1,0,0,0,0,0
Could you provide sources for this information? Sample ID: 450,0,9,0,0,0,0,0,0,0,0,0,1,0,0,0,0,0,1,0,0,0,0,0,0,0
[MOCKUP TOXIC] Simulated hostile comment for testing purposes. Sample ID: 9,1,10,0,0,0,0,0,0,0,0,0,1,0,0,0,0,0,0,0,0,0,0,0,0,0
I respect your opinion even though I see it differently. Sample ID: 194,0,11,1,0,1,0,0,0,0,0,0,0,0,1,0,0,0,1,0,0,0,0,0,0,0
I found this to be a thoughtful piece. Sample ID: 406,0,12,0,1,1,1,1,0,0,1,0,0,0,0,1,0,0,0,0,0,0,0,1,0,1
[MOCKUP TOXIC] Simulated derogatory statement for testing. Sample ID: 84,1,13,0,0,0,0,0,0,0,0,0,0,0,0,0,0,0,0,0,0,0,0,0,0,0
I'd like to add some context to this discussion. Sample ID: 371,0,14,0,0,0,0,0,0,0,0,0,0,0,0,0,0,0,0,0,0,0,0,0,0,0
I appreciate the thoughtful analysis presented here. Sample ID: 388,0,15,0,0,1,0,0,1,0,1,0,0,0,0,0,0,0,0,0,0,0,0,0,0,1
Let's keep the discussion civil and productive. Sample ID: 495,0,16,0,0,0,0,0,0,0,0,0,0,0,0,0,0,0,0,0,1,0,0,0,0,0
[MOCKUP TOXIC] Mockup hateful language for classifier training. Sample ID: 30,1,17,0,0,0,0,0,0,0,0,0,0,0,0,0,0,0,0,0,1,0,0,0,0,1
Thanks for bringing attention to this issue. Sample ID: 316,0,18,0,1,1,0,0,0,0,0,0,0,0,0,0,1,0,0,0,0,0,0,0,0,0
I respect your opinion even though I see it differently. Sample ID: 408,0,19,0,0,0,1,0,0,0,0,0,0,0,0,0,0,0,0,0,0,0,0,0,0,1
"This is exactly what I was looking for, thank you. Sample ID: 490",0,20,0,0,0,0,1,0,0,0,0,0,0,0,0,0,0,0,0,0,0,1,0,0,0
I disagree with the author but respect their viewpoint. Sample ID: 491,0,21,0,0,0,1,0,0,0,0,0,0,0,0,0,0,0,0,0,0,0,0,0,0,0
Let's keep the discussion civil and productive. Sample ID: 280,0,22,0,1,1,0,1,0,0,0,0,0,1,0,0,0,1,0,0,0,0,1,1,0,1
I appreciate the thoughtful analysis presented here. Sample ID: 356,0,23,0,0,1,0,0,0,0,0,0,0,0,0,0,0,0,0,0,0,0,0,0,0,0
[MOCKUP TOXIC] Simulated harassment content placeholder. Sample ID: 76,1,24,0,0,1,0,0,0,0,0,0,0,1,0,0,0,0,0,0,0,0,0,0,0,0
I respect your opinion even though I see it differently. Sample ID: 461,0,25,0,0,0,0,0,0,0,0,0,0,0,0,0,1,0,0,0,0,0,0,0,0,0
I think there are valid arguments on both sides. Sample ID: 497,0,26,0,0,0,0,0,0,1,1,0,0,0,0,0,0,0,0,0,0,0,0,1,0,0
I found this article to be very informative. Sample ID: 211,0,27,0,0,0,0,1,1,0,0,0,1,0,0,0,0,1,0,0,0,0,0,0,0,0
[MOCKUP TOXIC] Simulated derogatory statement for testing. Sample ID: 101,1,28,0,0,0,0,0,0,0,1,0,0,0,0,0,0,0,0,0,0,1,1,0,0,0
I respect your opinion even though I see it differently. Sample ID: 334,0,29,0,0,0,0,0,1,0,0,0,0,0,0,0,0,0,0,0,0,0,1,0,0,0
I think we should focus on the facts here. Sample ID: 475,0,30,0,0,0,0,0,0,0,0,0,0,0,0,0,0,0,0,0,1,0,0,1,0,0
I learned something new from this post. Sample ID: 336,0,31,0,1,0,0,0,0,0,0,0,0,0,0,0,1,0,0,0,0,0,1,1,0,0
I'd like to add some context to this discussion. Sample ID: 440,0,32,0,1,0,0,0,0,0,0,0,0,0,0,0,1,0,0,0,0,0,0,0,1,0
"Thanks for sharing this information, it was very helpful. Sample ID: 173",0,33,1,0,0,0,1,0,0,0,1,0,0,0,0,0,0,0,0,0,0,0,0,0,0
[MOCKUP TOXIC] This comment contains simulated offensive language. Sample ID: 2,1,34,1,0,0,0,0,0,0,0,0,0,0,0,0,0,0,0,0,0,0,0,0,0,0
"Thanks for sharing this information, it was very helpful. Sample ID: 333",0,35,0,1,0,0,0,0,0,0,1,0,0,0,0,0,0,0,0,0,0,0,0,0,1
"Great discussion, everyone has made good points. Sample ID: 409",0,36,0,0,0,0,0,0,0,0,1,0,0,0,0,0,0,0,0,0,0,0,0,0,0
[MOCKUP TOXIC] This is a toxic content placeholder for testing. Sample ID: 70,1,37,0,0,0,0,0,0,1,0,0,0,1,0,0,0,0,0,0,0,0,0,0,0,0
"This is exactly what I was looking for, thank you. Sample ID: 209",0,38,0,0,0,0,0,0,0,0,0,0,0,0,0,0,0,0,0,0,0,0,0,0,1
[MOCKUP TOXIC] Mockup hateful language for classifier training. Sample ID: 63,1,39,0,0,0,0,0,0,0,0,0,0,1,0,0,0,0,0,1,0,0,0,0,0,0
This is a complex issue that deserves more discussion. Sample ID: 384,0,40,0,1,0,0,0,0,0,0,0,0,0,0,0,0,0,0,1,0,0,0,1,0,0
[MOCKUP TOXIC] Synthetic threat-like statement for testing. Sample ID: 93,1,41,0,0,0,0,0,0,1,0,0,0,0,0,0,0,0,0,0,0,0,0,0,0,0
I would like to see more evidence for this claim. Sample ID: 485,0,42,0,0,0,0,0,0,0,0,0,0,0,0,0,1,0,0,0,0,1,0,0,0,1
I think there are valid arguments on both sides. Sample ID: 185,0,43,1,0,0,0,0,0,0,0,0,0,0,0,0,0,0,1,0,0,0,0,0,0,0
[MOCKUP TOXIC] Placeholder for hostile speech detection testing. Sample ID: 33,1,44,0,0,0,1,0,0,0,0,0,0,0,0,0,0,1,0,0,0,0,0,0,1,0
[MOCKUP TOXIC] Mockup aggressive language placeholder. Sample ID: 77,1,45,0,0,0,0,0,0,0,0,0,0,0,0,0,0,0,0,0,0,0,0,0,0,0
[MOCKUP TOXIC] Synthetic threat-like statement for testing. Sample ID: 0,1,46,0,0,0,0,0,0,0,0,0,0,0,0,0,0,0,0,0,0,0,0,0,1,0
[MOCKUP TOXIC] Mockup insulting comment for validation. Sample ID: 11,1,47,0,0,0,0,0,0,0,0,0,0,0,0,0,0,0,0,0,0,0,0,0,0,0
This is a well-written article with some interesting points. Sample ID: 415,0,48,0,0,0,0,0,0,0,0,0,0,0,0,0,0,0,0,0,0,1,0,0,0,0
[MOCKUP TOXIC] Mockup hateful language for classifier training. Sample ID: 22,1,49,0,0,0,0,0,0,0,0,0,0,0,0,1,0,0,0,0,0,0,1,1,0,0
[MOCKUP TOXIC] Simulated harassment content placeholder. Sample ID: 72,1,50,1,0,0,1,0,0,0,0,1,1,0,0,0,0,0,1,0,1,0,0,0,0,0
"Well said, I agree with most of your points. Sample ID: 182",0,51,0,0,0,0,0,0,0,0,0,0,0,0,1,0,0,0,0,0,0,1,0,0,0
[MOCKUP TOXIC] Simulated discriminatory language placeholder. Sample ID: 131,1,52,1,0,1,0,0,0,0,0,0,0,0,1,0,0,1,0,1,0,0,0,1,0,0
Thanks for bringing attention to this issue. Sample ID: 410,0,53,0,0,0,0,1,1,0,0,0,0,0,0,0,0,0,0,0,0,0,0,0,0,0
"Thanks for sharing this information, it was very helpful. Sample ID: 193",0,54,0,0,1,0,0,0,0,0,0,0,0,0,0,0,0,0,0,0,0,0,0,0,1
[MOCKUP TOXIC] This is a toxic content placeholder for testing. Sample ID: 55,1,55,1,0,0,0,0,1,1,0,0,0,0,0,0,0,0,0,0,0,1,0,0,0,0
[MOCKUP TOXIC] Synthetic threat-like statement for testing. Sample ID: 148,1,56,0,0,0,0,0,0,0,0,0,0,0,0,0,0,0,0,0,0,0,0,0,0,0
[MOCKUP TOXIC] This comment contains simulated offensive language. Sample ID: 18,1,57,0,0,0,0,0,0,0,0,0,0,0,0,0,0,0,0,0,0,0,0,0,0,1
This needs more context to understand fully. Sample ID: 204,0,58,0,0,0,0,0,0,0,0,0,1,0,0,0,0,0,0,0,0,0,0,0,0,0
[MOCKUP TOXIC] Mockup insulting comment for validation. Sample ID: 78,1,59,0,0,0,1,0,0,1,0,1,1,0,0,0,1,1,0,0,0,0,0,0,1,0
I learned something new from this post. Sample ID: 494,0,60,0,0,0,0,0,0,0,0,0,0,1,0,0,0,1,0,0,0,1,0,0,1,0
I think we should consider multiple perspectives here. Sample ID: 262,0,61,0,0,1,0,0,0,0,0,0,0,1,1,0,0,0,0,0,0,0,0,0,1,0
I appreciate the balanced approach here. Sample ID: 323,0,62,0,0,0,0,0,0,0,0,0,0,0,0,0,0,0,0,1,0,0,0,0,0,0
This is a fair assessment of the situation. Sample ID: 483,0,63,0,0,0,0,0,0,0,0,0,0,0,0,0,0,0,0,0,0,0,0,0,0,0
[MOCKUP TOXIC] Simulated hostile comment for testing purposes. Sample ID: 79,1,64,0,0,0,0,0,0,0,0,0,0,0,1,0,0,0,0,1,0,0,0,0,0,0
[MOCKUP TOXIC] Simulated discriminatory language placeholder. Sample ID: 39,1,65,0,0,0,0,0,0,0,0,0,0,0,0,0,0,0,0,0,0,0,0,0,0,0
I disagree with the author but respect their viewpoint. Sample ID: 451,0,66,0,0,0,0,0,0,0,0,0,0,0,0,0,0,0,1,0,1,0,0,0,0,0
[MOCKUP TOXIC] This is a synthetic negative comment. Sample ID: 46,1,67,0,0,0,0,0,0,1,0,1,0,0,0,0,0,0,0,0,0,0,0,0,0,0
Thanks for bringing attention to this issue. Sample ID: 238,0,68,0,1,0,0,0,0,0,0,0,0,1,0,0,0,0,0,0,0,0,0,0,1,0
"This is exactly what I was looking for, thank you. Sample ID: 391",0,69,1,0,0,0,0,1,0,0,0,0,0,1,0,0,0,0,0,0,0,0,0,0,0
I'd like to add some context to this discussion. Sample ID: 352,0,70,0,0,0,0,0,0,0,0,0,0,0,1,1,0,0,0,0,1,0,0,1,0,0
I think we can find common ground on this. Sample ID: 341,0,71,0,0,0,0,0,1,0,0,0,0,0,0,0,0,0,0,0,0,0,0,0,0,1
"Great discussion, everyone has made good points. Sample ID: 277",0,72,0,0,0,0,0,0,0,0,0,0,0,0,0,0,0,0,0,0,0,0,0,0,0
Could you explain more about this point? Sample ID: 290,0,73,0,0,0,0,0,0,0,1,0,0,0,0,0,0,0,0,0,0,0,0,0,0,0
I appreciate the thoughtful analysis presented here. Sample ID: 317,0,74,0,0,1,0,0,0,0,0,0,0,1,0,0,0,0,0,0,0,0,0,1,1,0
This is a well-written article with some interesting points. Sample ID: 304,0,75,0,1,0,0,0,0,0,0,0,0,0,0,0,0,0,0,0,0,0,0,0,1,0
I would like to see more evidence for this claim. Sample ID: 268,0,76,0,0,0,0,0,1,1,0,0,0,0,0,0,1,0,0,0,0,0,0,0,1,0
[MOCKUP TOXIC] Simulated derogatory statement for testing. Sample ID: 69,1,77,0,1,0,0,0,0,0,0,0,0,0,1,0,0,0,0,0,0,0,0,0,1,0
I appreciate the balanced approach here. Sample ID: 455,0,78,0,0,0,0,1,0,0,0,0,1,0,1,0,0,0,1,0,0,0,0,0,0,0
I found this article to be very informative. Sample ID: 465,0,79,0,0,1,0,0,0,1,0,0,0,0,0,0,0,0,0,0,0,0,0,1,0,0
I think we can find common ground on this. Sample ID: 154,0,80,0,0,0,0,0,0,0,0,0,1,0,0,0,0,0,0,0,0,0,0,0,0,1
[MOCKUP TOXIC] Mockup aggressive language placeholder. Sample ID: 82,1,81,0,1,0,0,0,0,0,0,0,0,0,0,1,1,0,0,0,0,0,0,0,1,0
I really appreciate your perspective on this topic. Sample ID: 477,0,82,0,0,0,0,0,0,0,0,0,0,0,0,0,0,0,0,0,0,0,0,0,0,0
I'd like to add some context to this discussion. Sample ID: 172,0,83,0,0,0,0,1,0,0,0,0,0,0,0,0,0,0,0,0,0,0,0,0,0,0
I think we should focus on the facts here. Sample ID: 321,0,84,0,0,1,1,0,0,0,0,0,0,0,0,0,0,0,0,0,0,0,1,0,0,0
[MOCKUP TOXIC] This represents offensive content in testing. Sample ID: 90,1,85,0,0,0,0,0,0,0,0,0,1,0,0,0,0,0,0,0,0,0,0,0,0,0
Could you provide sources for this information? Sample ID: 180,0,86,0,0,0,0,0,0,0,0,0,0,0,0,0,0,0,0,1,0,0,0,0,0,1
I appreciate the thoughtful analysis presented here. Sample ID: 414,0,87,0,0,0,0,0,0,0,0,0,0,0,0,0,0,0,0,0,0,1,0,0,0,0
I would like to see more evidence for this claim. Sample ID: 312,0,88,0,0,1,0,0,0,0,0,0,0,0,1,0,0,0,0,0,0,0,0,0,0,0
I appreciate the thoughtful analysis presented here. Sample ID: 278,0,89,0,0,0,0,0,0,0,0,0,0,0,0,0,0,0,0,0,0,0,0,0,0,0
This article raises important questions. Sample ID: 381,0,90,0,0,1,0,0,0,0,1,0,0,0,0,0,0,0,0,0,0,0,0,0,1,1
That's an interesting point of view. Sample ID: 472,0,91,0,0,0,1,1,0,1,0,0,0,0,0,0,0,1,0,0,0,0,0,0,0,0
I found this article to be very informative. Sample ID: 362,0,92,0,0,0,0,0,0,0,0,0,0,0,0,0,0,0,0,0,0,0,0,0,0,0
I appreciate the balanced approach here. Sample ID: 324,0,93,0,0,0,0,0,0,0,0,1,0,0,1,0,0,0,0,1,1,0,0,0,0,0
This is a well-written article with some interesting points. Sample ID: 431,0,94,0,0,0,0,0,0,0,0,0,0,0,0,0,0,0,0,0,0,0,0,0,0,0
This is a well-written article with some interesting points. Sample ID: 347,0,95,0,0,0,0,0,0,0,0,0,0,0,0,0,0,0,1,1,0,0,0,0,0,0
[MOCKUP TOXIC] This is a toxic content placeholder for testing. Sample ID: 86,1,96,0,0,0,0,0,0,1,0,0,0,0,0,0,0,0,0,0,0,0,0,0,0,0
[MOCKUP TOXIC] Synthetic toxic content for pipeline validation. Sample ID: 75,1,97,0,0,0,0,0,0,0,0,0,0,0,0,0,0,0,0,0,0,0,0,0,0,0
I disagree with the author but respect their viewpoint. Sample ID: 438,0,98,0,0,0,0,0,0,0,0,0,0,0,0,0,1,0,1,0,0,1,0,0,0,0
[MOCKUP TOXIC] Simulated harassment content placeholder. Sample ID: 15,1,99,0,0,0,0,0,0,0,0,0,0,0,0,0,0,0,0,0,0,0,0,0,0,1
Could you explain more about this point? Sample ID: 249,0,100,0,0,0,1,1,0,0,0,0,0,0,0,0,0,0,0,0,0,0,0,1,0,0
I disagree with the author but respect their viewpoint. Sample ID: 433,0,101,0,0,1,0,0,0,0,0,0,0,0,0,0,0,0,0,1,0,0,0,0,0,0
[MOCKUP TOXIC] Simulated hostile comment for testing purposes. Sample ID: 19,1,102,0,0,0,0,0,0,1,0,0,1,0,0,0,0,1,0,0,0,0,0,1,0,0
"This is exactly what I was looking for, thank you. Sample ID: 322",0,103,0,0,1,0,0,0,0,0,0,0,0,0,1,0,0,1,0,0,0,0,0,1,0
"Thanks for sharing this information, it was very helpful. Sample ID: 332",0,104,1,0,1,0,0,0,0,0,0,0,0,0,0,0,0,0,0,0,0,0,0,0,0
[MOCKUP TOXIC] Synthetic toxic content for pipeline validation. Sample ID: 56,1,105,0,0,0,0,0,0,0,0,0,0,0,0,0,0,0,0,0,0,0,0,0,0,0
I disagree with the author but respect their viewpoint. Sample ID: 301,0,106,0,0,0,0,0,0,0,0,1,0,0,0,0,0,0,0,0,0,0,0,0,0,0
This is a complex issue that deserves more discussion. Sample ID: 229,0,107,0,0,0,0,1,0,0,0,0,0,0,0,0,0,0,0,0,0,0,0,0,0,0
I appreciate the thoughtful analysis presented here. Sample ID: 331,0,108,0,0,0,0,0,0,0,1,0,1,0,0,0,1,0,0,0,0,0,0,0,0,0
[MOCKUP TOXIC] Synthetic toxic content for pipeline validation. Sample ID: 132,1,109,0,0,0,0,1,0,0,1,0,0,1,0,1,0,0,0,0,0,0,0,0,0,0
[MOCKUP TOXIC] Synthetic abusive language for pipeline testing. Sample ID: 137,1,110,0,0,0,0,1,0,0,0,0,0,1,0,1,0,0,0,0,0,1,0,0,0,0
This is a well-written article with some interesting points. Sample ID: 423,0,111,0,0,0,0,0,0,0,0,0,0,0,0,0,0,1,0,0,1,0,0,0,0,0
This needs more context to understand fully. Sample ID: 335,0,112,1,0,0,0,0,0,0,0,0,0,0,0,1,0,0,1,1,1,0,1,0,0,0
[MOCKUP TOXIC] Mockup hateful language for classifier training. Sample ID: 25,1,113,0,0,0,0,0,0,0,0,0,0,0,0,0,0,0,0,0,0,0,0,0,0,0
Could you explain more about this point? Sample ID: 464,0,114,0,0,0,0,0,0,0,0,0,0,0,0,0,0,0,0,0,0,0,1,0,0,0
"Well said, I agree with most of your points. Sample ID: 281",0,115,0,1,0,0,0,0,0,0,0,0,0,0,0,0,1,0,0,1,0,0,0,0,0
Could you explain more about this point? Sample ID: 247,0,116,0,0,0,1,0,0,0,0,1,0,0,0,0,0,0,0,0,1,0,0,0,1,1
That's an interesting point of view. Sample ID: 237,0,117,0,0,0,0,0,0,0,0,0,0,0,0,1,0,0,0,0,0,1,1,0,0,0
[MOCKUP TOXIC] Synthetic abusive language for pipeline testing. Sample ID: 117,1,118,0,0,0,0,0,0,0,0,0,0,0,0,0,0,0,1,0,0,1,0,0,0,0
[MOCKUP TOXIC] Mockup insulting comment for validation. Sample ID: 42,1,119,0,0,0,0,0,0,0,0,0,0,0,0,0,0,0,0,0,0,0,0,0,0,0
Let's keep the discussion civil and productive. Sample ID: 220,0,120,0,0,0,0,0,0,0,0,1,0,0,0,0,0,1,0,0,1,0,0,0,0,0
This is a complex issue that deserves more discussion. Sample ID: 176,0,121,0,0,1,0,0,0,0,0,0,0,1,1,0,0,0,0,0,0,0,0,0,0,0
I think we can find common ground on this. Sample ID: 320,0,122,0,0,0,0,1,0,0,0,0,0,0,0,0,0,0,0,0,0,0,0,0,0,0
Could you explain more about this point? Sample ID: 153,0,123,0,0,0,1,0,1,0,0,1,0,0,0,1,0,0,0,0,0,0,0,0,1,0
This article raises important questions. Sample ID: 231,0,124,0,0,0,0,1,0,0,0,0,1,1,0,0,0,0,0,0,0,0,0,0,1,0
I learned something new from this post. Sample ID: 227,0,125,0,0,0,0,0,1,0,0,0,0,0,0,0,0,0,0,0,0,1,0,0,0,0
I think we can find common ground on this. Sample ID: 417,0,126,0,0,0,0,0,0,0,0,0,0,0,0,0,0,0,0,0,0,0,0,0,0,0
Let's keep the discussion civil and productive. Sample ID: 203,0,127,0,0,0,0,0,0,0,0,1,0,0,0,0,0,0,0,1,0,0,0,0,0,0
[MOCKUP TOXIC] Simulated discriminatory language placeholder. Sample ID: 126,1,128,0,0,0,0,0,0,1,0,0,0,0,0,0,0,0,1,0,0,0,0,0,0,0
I found this to be a thoughtful piece. Sample ID: 329,0,129,0,0,0,0,0,0,0,0,0,0,0,0,0,0,1,0,0,0,1,0,0,0,0
[MOCKUP TOXIC] This represents offensive content in testing. Sample ID: 31,1,130,0,0,0,1,0,0,0,0,0,0,0,0,0,0,0,0,0,0,0,0,1,0,0
[MOCKUP TOXIC] This is a synthetic negative comment. Sample ID: 113,1,131,0,0,0,0,0,0,0,0,0,0,0,0,0,0,0,0,0,0,0,0,0,0,0
Let's keep the discussion civil and productive. Sample ID: 470,0,132,0,0,0,0,0,0,1,0,0,0,0,0,0,0,0,0,1,0,0,0,0,0,0
This needs more context to understand fully. Sample ID: 271,0,133,0,0,0,0,0,0,0,0,0,0,0,0,0,0,0,1,0,0,0,0,0,0,0
[MOCKUP TOXIC] Mockup insulting comment for validation. Sample ID: 140,1,134,1,0,0,1,0,0,0,0,0,0,1,0,0,0,0,0,0,0,0,0,0,0,0
[MOCKUP TOXIC] Simulated harassment content placeholder. Sample ID: 57,1,135,0,0,0,0,0,0,0,0,0,1,0,0,0,0,0,0,0,0,0,0,0,1,0
I think we can find common ground on this. Sample ID: 192,0,136,0,0,0,0,0,1,0,1,0,0,0,0,0,1,0,0,0,0,0,1,0,0,0
[MOCKUP TOXIC] This comment contains simulated offensive language. Sample ID: 24,1,137,0,0,0,0,0,0,0,0,0,0,0,0,1,0,0,0,1,0,0,0,0,0,0
[MOCKUP TOXIC] This comment contains simulated offensive language. Sample ID: 17,1,138,0,0,0,1,0,1,0,0,0,0,0,0,0,0,0,0,0,0,0,0,0,0,0
This is a fair assessment of the situation. Sample ID: 265,0,139,1,0,0,1,0,0,0,0,0,0,1,0,0,0,0,0,0,0,0,0,0,0,1
[MOCKUP TOXIC] This represents offensive content in testing. Sample ID: 66,1,140,1,0,0,1,0,0,0,0,0,1,0,0,0,0,1,0,0,0,0,0,0,0,0
I think we can find common ground on this. Sample ID: 208,0,141,0,0,0,0,0,0,1,1,0,0,0,0,0,0,0,0,0,0,0,0,0,0,1
Could you provide sources for this information? Sample ID: 479,0,142,0,0,0,0,0,0,0,0,0,0,0,0,0,0,0,0,0,0,1,0,1,0,0
[MOCKUP TOXIC] This is a toxic content placeholder for testing. Sample ID: 94,1,143,0,0,0,0,0,0,0,0,0,0,0,0,0,0,0,0,0,0,0,0,0,1,0
I disagree with the author but respect their viewpoint. Sample ID: 253,0,144,0,0,0,0,0,0,0,0,1,0,0,0,0,0,1,0,1,0,0,0,0,0,0
This is a complex issue that deserves more discussion. Sample ID: 266,0,145,0,0,0,0,0,0,0,0,0,0,0,0,0,0,0,0,0,0,0,0,0,0,0
[MOCKUP TOXIC] Simulated harassment content placeholder. Sample ID: 23,1,146,0,0,0,0,0,1,0,0,0,0,0,0,0,0,0,0,0,0,0,0,0,0,0
This comment section has been very educational. Sample ID: 222,0,147,0,0,0,0,0,0,0,0,0,0,0,0,0,0,0,0,1,0,0,0,0,0,0
I think we should consider multiple perspectives here. Sample ID: 261,0,148,0,0,0,0,0,0,0,0,0,0,0,0,0,0,0,0,0,0,0,0,0,1,0
I would like to see more evidence for this claim. Sample ID: 426,0,149,0,0,0,0,0,0,0,1,0,0,0,0,1,0,0,0,0,0,0,0,0,0,0
[MOCKUP TOXIC] Mockup aggressive language placeholder. Sample ID: 5,1,150,1,0,0,0,0,0,0,0,0,0,0,0,0,0,0,0,0,1,0,0,0,1,0
[MOCKUP TOXIC] Simulated derogatory statement for testing. Sample ID: 116,1,151,0,0,0,0,0,0,0,0,0,0,0,0,0,0,0,0,0,0,0,0,0,0,0
[MOCKUP TOXIC] Simulated derogatory statement for testing. Sample ID: 45,1,152,0,0,0,0,0,0,0,0,0,0,1,0,0,0,1,0,0,0,0,0,0,0,0
[MOCKUP TOXIC] This represents offensive content in testing. Sample ID: 16,1,153,0,0,0,0,0,0,0,0,0,0,0,0,0,0,0,0,1,0,0,0,0,0,0
"Great discussion, everyone has made good points. Sample ID: 462",0,154,1,0,0,0,0,0,0,0,0,0,0,0,0,0,0,0,0,0,0,0,0,0,0
This is a fair assessment of the situation. Sample ID: 357,0,155,0,0,0,1,0,0,0,0,0,0,0,0,0,0,0,0,0,0,0,0,0,1,0
[MOCKUP TOXIC] Mockup insulting comment for validation. Sample ID: 3,1,156,0,0,0,0,0,0,1,0,0,0,0,0,0,0,0,0,0,0,1,1,0,0,1
I'd like to add some context to this discussion. Sample ID: 218,0,157,0,0,0,0,0,0,0,0,0,0,0,0,0,0,0,0,0,0,0,0,0,0,0
I think we can find common ground on this. Sample ID: 405,0,158,0,0,0,0,0,0,0,0,1,0,0,1,0,0,0,0,0,0,0,0,1,0,0
[MOCKUP TOXIC] This comment contains simulated offensive language. Sample ID: 60,1,159,0,0,0,0,0,0,0,1,0,0,0,0,0,0,0,0,0,0,0,0,0,0,0
[MOCKUP TOXIC] Mockup hateful language for classifier training. Sample ID: 110,1,160,0,0,0,0,1,0,0,0,0,0,0,0,0,0,0,0,1,0,1,0,0,0,0
This is a fair assessment of the situation. Sample ID: 318,0,161,0,1,0,0,0,0,0,0,0,0,0,0,0,0,0,0,0,0,0,0,0,0,0
I'd like to add some context to this discussion. Sample ID: 428,0,162,0,0,0,1,0,0,0,0,0,0,0,0,0,0,0,0,0,0,0,0,0,0,0
[MOCKUP TOXIC] Mockup insulting comment for validation. Sample ID: 29,1,163,0,0,0,0,0,0,0,0,0,0,0,0,0,0,0,0,0,0,0,0,0,0,0
Could you provide sources for this information? Sample ID: 437,0,164,0,0,0,1,0,0,0,0,0,0,0,0,0,0,0,0,0,0,1,0,1,0,0
I think there are valid arguments on both sides. Sample ID: 471,0,165,0,0,0,0,1,0,0,0,0,0,1,0,0,0,0,0,0,0,0,0,0,0,0
[MOCKUP TOXIC] Mockup aggressive language placeholder. Sample ID: 26,1,166,0,0,0,0,0,0,1,0,0,0,0,0,0,0,0,0,0,0,0,0,0,0,0
[MOCKUP TOXIC] This is a synthetic negative comment. Sample ID: 7,1,167,0,0,0,1,0,0,0,0,0,0,0,0,1,0,0,0,0,0,0,0,0,0,0
I respect your opinion even though I see it differently. Sample ID: 453,0,168,0,0,0,0,0,0,0,0,0,0,0,0,0,0,0,0,0,0,0,0,0,0,0
[MOCKUP TOXIC] Synthetic threat-like statement for testing. Sample ID: 108,1,169,0,0,0,0,0,0,0,0,0,0,0,0,0,0,0,0,0,0,0,0,0,0,0
[MOCKUP TOXIC] This is a toxic content placeholder for testing. Sample ID: 37,1,170,0,0,0,0,0,0,0,0,1,0,0,0,0,0,0,0,0,1,0,0,0,1,0
I found this article to be very informative. Sample ID: 157,0,171,0,0,1,0,0,0,0,0,1,0,0,0,0,0,0,0,0,0,0,0,0,0,0
I learned something new from this post. Sample ID: 489,0,172,0,0,0,0,0,0,0,0,0,0,0,0,0,0,0,0,0,0,0,0,0,0,1
[MOCKUP TOXIC] Synthetic threat-like statement for testing. Sample ID: 118,1,173,0,0,0,0,0,0,0,0,0,0,0,0,0,0,0,0,0,0,0,0,0,0,0
[MOCKUP TOXIC] Placeholder for hostile speech detection testing. Sample ID: 114,1,174,0,0,0,0,0,0,0,0,0,0,0,1,0,0,0,0,0,0,0,0,0,0,1
This comment section has been very educational. Sample ID: 175,0,175,0,1,0,0,0,0,0,0,1,0,0,0,0,0,0,0,0,0,0,0,0,0,0
"Thanks for sharing this information, it was very helpful. Sample ID: 373",0,176,0,0,0,0,0,0,0,0,0,0,0,0,0,0,1,0,0,0,0,1,0,0,0
I disagree with the author but respect their viewpoint. Sample ID: 181,0,177,0,0,0,0,0,0,0,0,0,1,0,0,0,0,0,1,0,0,0,0,0,0,1
[MOCKUP TOXIC] Placeholder for hostile speech detection testing. Sample ID: 144,1,178,1,1,0,0,0,0,0,0,0,0,0,0,0,0,0,0,0,0,0,0,0,0,0
I found this to be a thoughtful piece. Sample ID: 369,0,179,0,0,0,0,0,0,0,0,0,0,1,0,0,0,0,0,0,0,0,0,0,0,0
"Well said, I agree with most of your points. Sample ID: 390",0,180,0,0,1,0,0,0,0,0,0,1,0,0,0,0,0,1,0,0,0,0,0,0,0
"This is exactly what I was looking for, thank you. Sample ID: 195",0,181,0,0,0,1,0,0,0,0,0,0,0,0,0,0,0,0,0,0,0,0,0,1,1
"Great discussion, everyone has made good points. Sample ID: 404",0,182,1,0,0,0,0,0,0,0,0,1,0,1,0,0,0,0,0,0,0,0,0,0,0
This article raises important questions. Sample ID: 275,0,183,0,0,1,0,0,0,0,0,0,0,1,0,1,0,0,0,1,0,0,0,0,0,0
I appreciate the balanced approach here. Sample ID: 454,0,184,0,1,0,0,0,0,0,0,0,0,0,0,0,0,0,0,0,0,0,0,0,0,0
[MOCKUP TOXIC] Synthetic toxic content for pipeline validation. Sample ID: 141,1,185,0,0,1,0,1,0,0,0,0,0,1,0,0,0,1,0,0,0,0,0,0,0,1
I'd like to add some context to this discussion. Sample ID: 365,0,186,0,0,0,1,0,0,0,1,0,0,0,0,0,0,0,0,0,0,0,0,0,0,0
[MOCKUP TOXIC] Simulated hostile comment for testing purposes. Sample ID: 67,1,187,0,0,0,0,0,0,0,0,0,0,0,1,0,0,0,0,1,0,0,0,0,0,0
I think we can find common ground on this. Sample ID: 210,0,188,0,0,0,0,0,0,0,0,0,0,1,0,0,0,0,0,0,0,1,0,0,0,0
Thanks for bringing attention to this issue. Sample ID: 168,0,189,0,0,0,0,0,0,0,0,0,1,0,0,0,0,0,0,0,0,0,0,0,0,0
Could you explain more about this point? Sample ID: 493,0,190,0,0,0,0,0,0,0,0,0,0,0,0,0,0,0,0,0,0,1,1,0,0,0
This comment section has been very educational. Sample ID: 375,0,191,0,0,0,0,1,0,1,0,0,0,0,0,0,0,0,0,0,0,0,0,0,0,0
I found this to be a thoughtful piece. Sample ID: 400,0,192,1,0,0,0,0,0,1,0,0,0,0,0,0,0,0,0,0,0,1,0,0,1,0
I appreciate the thoughtful analysis presented here. Sample ID: 272,0,193,0,0,0,0,0,0,0,0,0,0,1,0,1,0,0,0,0,0,0,0,0,0,0
[MOCKUP TOXIC] This is a synthetic negative comment. Sample ID: 109,1,194,0,0,0,0,0,1,0,0,0,0,0,0,0,0,0,1,0,0,0,0,0,0,0
This is a well-written article with some interesting points. Sample ID: 248,0,195,0,0,0,0,0,0,0,0,0,0,0,0,0,0,0,0,0,0,0,0,1,0,0
[MOCKUP TOXIC] This represents offensive content in testing. Sample ID: 145,1,196,0,0,1,0,0,0,1,1,0,0,0,0,0,0,0,0,0,1,0,0,0,1,0
[MOCKUP TOXIC] Placeholder for hostile speech detection testing. Sample ID: 92,1,197,0,0,1,0,0,0,0,0,0,0,0,0,0,0,0,0,0,0,1,0,0,0,0
I think we should consider multiple perspectives here. Sample ID: 152,0,198,0,0,0,1,0,0,0,1,0,0,0,1,0,0,1,0,0,0,0,0,0,0,0
I disagree with the author but respect their viewpoint. Sample ID: 367,0,199,0,0,0,0,0,0,0,0,0,1,0,0,0,0,1,0,0,0,0,0,0,0,1
I think we should consider multiple perspectives here. Sample ID: 467,0,200,0,0,0,1,1,0,1,0,0,0,0,0,0,0,0,1,0,1,1,0,0,0,0
[MOCKUP TOXIC] Simulated discriminatory language placeholder. Sample ID: 83,1,201,0,0,0,0,0,1,0,0,0,0,1,0,0,0,0,0,0,0,0,0,0,0,0
I found this to be a thoughtful piece. Sample ID: 245,0,202,0,0,0,0,0,0,0,0,0,0,0,0,1,0,0,0,1,0,0,0,0,0,0
Could you explain more about this point? Sample ID: 165,0,203,0,0,0,0,0,0,0,0,1,0,0,0,0,0,0,0,0,0,0,0,0,1,0
"Well said, I agree with most of your points. Sample ID: 163",0,204,0,0,0,0,0,0,0,1,0,0,1,1,0,0,1,0,0,0,1,0,0,0,1
This article raises important questions. Sample ID: 199,0,205,0,1,0,0,1,0,0,0,0,0,0,0,1,0,0,0,0,0,0,0,0,0,1
This article raises important questions. Sample ID: 228,0,206,0,0,0,0,0,0,0,0,0,0,0,0,0,1,0,0,0,0,0,0,0,0,0
[MOCKUP TOXIC] This is a toxic content placeholder for testing. Sample ID: 74,1,207,0,0,0,0,0,0,0,0,0,0,0,0,0,0,0,0,0,0,0,0,0,0,0
I think there are valid arguments on both sides. Sample ID: 478,0,208,0,0,0,0,0,0,0,0,0,0,0,0,0,0,0,0,0,0,0,0,0,0,0
I think there are valid arguments on both sides. Sample ID: 358,0,209,0,0,1,0,1,0,0,1,0,0,0,1,0,1,0,0,0,0,0,0,0,0,0
"This is exactly what I was looking for, thank you. Sample ID: 250",0,210,0,0,0,0,0,0,0,0,0,0,1,0,0,0,0,0,0,0,1,0,1,0,1
[MOCKUP TOXIC] Mockup insulting comment for validation. Sample ID: 119,1,211,0,0,0,0,0,0,0,0,0,0,0,1,0,0,0,0,0,0,1,0,0,0,0
That's an interesting point of view. Sample ID: 310,0,212,0,0,0,0,0,0,0,0,0,0,0,0,0,0,0,0,0,0,0,0,0,1,0
Could you explain more about this point? Sample ID: 299,0,213,0,0,0,0,1,0,0,0,0,0,0,1,0,0,0,0,0,0,0,0,0,0,0
Thanks for bringing attention to this issue. Sample ID: 255,0,214,0,0,0,0,0,0,0,1,0,0,0,0,0,0,0,0,0,0,0,0,1,1,0
Could you explain more about this point? Sample ID: 354,0,215,0,1,0,1,0,0,0,0,0,0,0,0,0,0,0,1,0,0,0,0,0,0,0
I found this to be a thoughtful piece. Sample ID: 399,0,216,0,0,0,0,0,0,0,0,0,0,0,0,0,0,0,0,0,0,0,0,0,0,0
I appreciate the thoughtful analysis presented here. Sample ID: 225,0,217,0,1,0,0,0,1,0,0,0,1,0,0,0,0,0,1,0,0,1,0,0,0,0
"Thanks for sharing this information, it was very helpful. Sample ID: 353",0,218,0,0,0,1,0,0,0,0,0,0,0,0,0,0,1,0,0,0,0,0,0,0,0
I think we should focus on the facts here. Sample ID: 234,0,219,0,0,0,0,0,0,0,0,0,1,0,0,0,0,1,1,0,0,0,0,0,0,0
I'd like to add some context to this discussion. Sample ID: 382,0,220,0,1,1,0,0,0,0,0,0,0,1,0,0,0,1,0,0,0,0,0,0,0,0
This is a fair assessment of the situation. Sample ID: 274,0,221,0,0,0,0,0,0,0,0,0,0,0,0,0,0,0,1,0,0,0,0,0,0,0
[MOCKUP TOXIC] Simulated discriminatory language placeholder. Sample ID: 36,1,222,0,0,0,0,0,0,0,1,0,0,0,0,0,0,0,0,0,0,0,0,1,0,0
This is a fair assessment of the situation. Sample ID: 196,0,223,0,0,1,0,0,0,0,0,0,0,0,0,0,0,0,0,0,0,0,0,0,0,1
[MOCKUP TOXIC] Synthetic abusive language for pipeline testing. Sample ID: 139,1,224,0,0,0,0,0,0,0,0,0,0,0,0,0,0,0,1,0,0,0,0,0,0,0
Could you explain more about this point? Sample ID: 364,0,225,0,0,0,0,0,0,0,1,0,0,0,0,0,0,1,0,0,0,1,1,0,0,0
The comments here have been surprisingly constructive. Sample ID: 244,0,226,1,0,0,0,0,0,0,0,0,1,0,0,0,0,0,0,0,0,0,0,0,0,0
I respect your opinion even though I see it differently. Sample ID: 439,0,227,0,0,0,1,0,0,0,0,0,0,0,0,1,0,0,0,0,0,0,0,0,0,1
"This is exactly what I was looking for, thank you. Sample ID: 286",0,228,0,0,1,0,0,0,0,0,0,0,0,0,0,1,1,1,0,0,0,0,0,0,0
[MOCKUP TOXIC] Simulated discriminatory language placeholder. Sample ID: 59,1,229,0,0,0,0,0,0,0,0,0,0,0,1,0,0,0,0,0,0,0,0,0,0,0
[MOCKUP TOXIC] Mockup insulting comment for validation. Sample ID: 111,1,230,0,0,0,0,0,0,1,0,0,0,0,0,0,0,0,0,0,0,0,0,0,0,0
[MOCKUP TOXIC] Simulated hostile comment for testing purposes. Sample ID: 89,1,231,0,0,0,0,0,0,0,1,0,0,0,0,1,0,0,0,0,0,0,0,0,0,0
I disagree with the author but respect their viewpoint. Sample ID: 436,0,232,0,0,0,0,1,0,0,0,0,0,0,0,0,1,0,0,0,0,1,0,0,0,0
[MOCKUP TOXIC] Mockup aggressive language placeholder. Sample ID: 6,1,233,0,0,0,0,0,1,0,0,1,1,0,0,0,0,0,0,0,0,0,0,0,0,0
This needs more context to understand fully. Sample ID: 360,0,234,0,0,0,0,0,1,0,0,0,0,0,0,0,0,0,0,0,0,0,0,0,0,0
"Thanks for sharing this information, it was very helpful. Sample ID: 346",0,235,0,0,0,0,0,0,0,0,0,0,0,0,0,0,0,0,0,1,0,0,0,0,0
This needs more context to understand fully. Sample ID: 338,0,236,0,0,0,0,0,1,0,0,0,0,0,0,0,1,0,1,0,0,0,0,0,0,0
I think we can find common ground on this. Sample ID: 158,0,237,0,0,0,0,0,0,1,0,0,0,0,0,0,0,0,0,0,0,0,0,0,0,0
I think we should consider multiple perspectives here. Sample ID: 150,0,238,0,0,1,0,0,1,0,0,0,0,0,0,0,0,0,0,0,0,0,0,0,0,0
I found this to be a thoughtful piece. Sample ID: 177,0,239,0,0,0,0,0,0,0,0,0,0,0,0,0,1,0,0,0,0,0,0,0,0,0
This is a complex issue that deserves more discussion. Sample ID: 393,0,240,1,0,0,0,0,0,0,1,0,0,1,0,1,0,0,0,0,0,0,0,0,1,0
Could you provide sources for this information? Sample ID: 184,0,241,1,0,0,0,0,0,0,0,0,0,0,0,0,0,1,0,0,0,0,0,0,0,0
This is a well-written article with some interesting points. Sample ID: 449,0,242,1,0,0,0,0,0,0,0,0,0,0,0,0,0,0,0,0,0,0,0,0,0,0
[MOCKUP TOXIC] Synthetic threat-like statement for testing. Sample ID: 10,1,243,0,0,0,0,1,0,0,0,0,1,1,1,0,0,0,0,0,0,0,0,0,0,0
I think we should focus on the facts here. Sample ID: 380,0,244,0,0,0,0,0,0,0,0,0,0,0,0,0,0,0,0,0,0,0,0,0,0,0
[MOCKUP TOXIC] Synthetic abusive language for pipeline testing. Sample ID: 103,1,245,1,0,0,0,0,0,0,0,1,0,0,0,0,1,0,0,0,0,1,0,1,0,0
[MOCKUP TOXIC] Synthetic threat-like statement for testing. Sample ID: 81,1,246,0,0,0,0,0,0,0,0,0,0,0,0,0,0,0,0,0,0,0,0,0,0,0
[MOCKUP TOXIC] This comment contains simulated offensive language. Sample ID: 38,1,247,1,0,0,0,0,0,0,0,0,0,0,1,0,0,0,0,0,0,0,0,0,0,0
I found this article to be very informative. Sample ID: 314,0,248,1,1,1,0,0,0,0,0,0,0,0,1,0,1,0,0,1,0,0,0,1,0,0
I would like to see more evidence for this claim. Sample ID: 167,0,249,0,0,0,0,0,0,0,0,1,0,0,0,0,0,0,0,0,0,0,1,0,0,0
This comment section has been very educational. Sample ID: 469,0,250,0,0,0,0,0,0,0,0,0,0,0,0,0,0,0,0,1,0,0,0,1,0,0
This is a fair assessment of the situation. Sample ID: 296,0,251,0,1,0,0,1,0,0,1,0,0,1,0,0,0,1,0,1,0,0,0,0,0,0
This article raises important questions. Sample ID: 474,0,252,0,0,0,0,0,0,0,0,0,0,0,0,0,0,0,0,0,0,0,0,0,0,0
I found this article to be very informative. Sample ID: 198,0,253,0,0,0,0,0,0,0,0,0,0,0,0,0,0,1,0,0,0,0,0,0,0,1
Could you explain more about this point? Sample ID: 297,0,254,0,0,0,1,0,1,0,0,0,0,0,1,0,0,0,0,0,1,0,0,1,0,0
I appreciate the balanced approach here. Sample ID: 416,0,255,0,0,0,0,0,0,0,0,0,0,0,0,0,0,0,0,0,0,0,0,0,0,1
[MOCKUP TOXIC] Synthetic abusive language for pipeline testing. Sample ID: 146,1,256,1,0,0,1,0,0,0,0,1,0,0,0,0,0,0,0,0,0,0,0,0,0,0
This is a well-written article with some interesting points. Sample ID: 392,0,257,0,0,0,0,0,0,0,0,0,0,0,0,0,0,0,0,1,0,0,1,0,0,0
[MOCKUP TOXIC] Synthetic abusive language for pipeline testing. Sample ID: 147,1,258,0,0,0,0,0,0,0,0,0,0,0,0,0,1,0,0,0,0,0,0,0,0,0
I appreciate the balanced approach here. Sample ID: 447,0,259,0,0,0,0,0,0,0,0,0,1,0,0,0,0,0,0,0,0,0,0,0,0,0
I would like to see more evidence for this claim. Sample ID: 287,0,260,0,0,0,0,0,0,0,0,1,0,0,0,0,0,0,0,0,0,0,1,0,0,0
[MOCKUP TOXIC] Synthetic toxic content for pipeline validation. Sample ID: 123,1,261,1,0,0,0,0,0,0,0,0,1,0,1,0,0,0,0,0,0,0,0,0,0,0
I think there are valid arguments on both sides. Sample ID: 368,0,262,0,0,0,0,0,0,0,0,0,0,0,1,0,0,0,0,0,0,0,1,0,0,0
[MOCKUP TOXIC] This is a synthetic negative comment. Sample ID: 96,1,263,0,0,0,0,0,0,0,0,0,0,0,0,1,0,0,0,0,0,0,1,1,0,0
[MOCKUP TOXIC] Synthetic threat-like statement for testing. Sample ID: 143,1,264,0,0,0,0,0,0,0,0,0,0,1,0,0,0,0,0,0,0,0,0,0,0,0
I really appreciate your perspective on this topic. Sample ID: 239,0,265,0,0,0,0,0,1,0,0,0,1,0,0,0,1,0,0,0,0,0,0,0,0,0
"Well said, I agree with most of your points. Sample ID: 442",0,266,0,0,0,0,0,0,0,0,0,0,0,0,1,1,0,0,0,0,0,0,0,0,0
[MOCKUP TOXIC] Synthetic toxic content for pipeline validation. Sample ID: 97,1,267,0,0,0,0,0,0,0,0,0,0,0,0,0,0,0,0,0,0,0,0,0,0,0
This is a fair assessment of the situation. Sample ID: 407,0,268,0,0,0,0,0,0,0,0,0,0,0,0,0,0,0,0,0,0,0,1,0,0,1
[MOCKUP TOXIC] Synthetic threat-like statement for testing. Sample ID: 122,1,269,0,0,0,0,0,0,0,0,1,0,0,1,0,0,0,0,0,0,0,0,0,0,0
"Well said, I agree with most of your points. Sample ID: 183",0,270,0,0,0,0,0,0,0,0,0,0,0,0,0,0,0,0,1,0,0,0,0,0,0
"Thanks for sharing this information, it was very helpful. Sample ID: 202",0,271,0,0,0,0,0,0,0,1,1,0,0,0,1,0,1,0,0,0,0,0,0,0,0
Let's keep the discussion civil and productive. Sample ID: 246,0,272,0,0,0,0,0,0,0,0,0,0,0,0,0,0,0,0,0,0,0,0,1,0,0
Could you explain more about this point? Sample ID: 305,0,273,1,0,0,1,0,0,0,0,0,0,0,0,0,0,0,0,0,0,0,0,0,0,0
I appreciate the balanced approach here. Sample ID: 298,0,274,0,0,0,0,1,0,0,0,0,0,0,0,0,0,0,0,0,1,0,0,1,0,0
I found this to be a thoughtful piece. Sample ID: 351,0,275,0,0,0,0,0,0,0,1,0,0,0,0,0,0,0,0,0,0,0,0,0,0,0
Thanks for bringing attention to this issue. Sample ID: 386,0,276,0,0,0,0,0,0,0,0,0,0,0,0,0,0,0,0,0,1,0,0,0,0,0
I really appreciate your perspective on this topic. Sample ID: 395,0,277,0,0,1,0,0,0,0,0,0,0,0,0,0,0,0,0,0,0,0,1,0,0,0
I learned something new from this post. Sample ID: 284,0,278,0,0,0,0,0,0,0,0,0,0,1,0,0,1,0,0,0,0,0,0,0,0,0
[MOCKUP TOXIC] Simulated discriminatory language placeholder. Sample ID: 125,1,279,0,0,0,0,0,0,0,0,0,0,0,0,0,0,0,0,0,0,0,0,0,0,0
"Great discussion, everyone has made good points. Sample ID: 302",0,280,0,0,0,0,0,0,0,0,0,0,1,0,0,0,0,1,0,0,0,0,0,1,0
I would like to see more evidence for this claim. Sample ID: 223,0,281,0,0,0,1,0,0,0,0,0,0,0,0,0,0,0,0,1,0,1,0,0,0,0
This is a fair assessment of the situation. Sample ID: 418,0,282,0,0,0,0,0,1,0,0,0,0,0,0,0,0,0,0,0,0,0,0,1,1,1
This comment section has been very educational. Sample ID: 219,0,283,0,0,0,0,0,0,0,0,0,0,0,0,0,0,0,0,0,0,0,1,0,0,0
[MOCKUP TOXIC] This is a toxic content placeholder for testing. Sample ID: 129,1,284,0,0,0,0,0,0,0,0,0,0,0,0,0,0,0,1,0,0,0,0,0,0,0
I think we can find common ground on this. Sample ID: 420,0,285,0,1,0,0,0,0,0,0,0,0,0,1,0,0,0,0,0,0,0,0,0,0,0
"Thanks for sharing this information, it was very helpful. Sample ID: 289",0,286,0,0,0,0,1,1,0,0,0,0,1,0,0,1,0,0,0,0,0,0,0,0,1
"This is exactly what I was looking for, thank you. Sample ID: 444",0,287,0,0,0,0,0,0,0,0,0,1,0,0,0,0,0,1,0,0,0,0,0,0,0
This is a fair assessment of the situation. Sample ID: 376,0,288,0,0,0,0,0,1,1,0,0,0,0,1,1,0,1,0,0,0,0,0,0,0,0
Could you explain more about this point? Sample ID: 291,0,289,0,1,0,0,0,1,0,1,0,0,0,0,0,0,0,0,0,0,0,0,0,0,0
I appreciate the thoughtful analysis presented here. Sample ID: 355,0,290,0,0,0,0,0,0,0,0,1,0,0,0,0,0,0,0,1,0,0,0,0,0,0
I really appreciate your perspective on this topic. Sample ID: 294,0,291,0,0,0,0,0,1,0,0,0,1,0,0,0,0,0,0,0,0,0,0,0,0,0
"Well said, I agree with most of your points. Sample ID: 396",0,292,0,0,0,0,0,0,0,0,0,0,0,1,1,0,0,0,0,0,0,0,0,0,0
I'd like to add some context to this discussion. Sample ID: 340,0,293,0,0,0,0,0,0,0,0,1,0,0,1,0,0,0,0,0,0,0,0,0,0,0
[MOCKUP TOXIC] Mockup aggressive language placeholder. Sample ID: 112,1,294,0,0,0,0,0,0,1,0,0,0,0,0,0,0,0,0,0,0,1,0,0,0,0
This needs more context to understand fully. Sample ID: 179,0,295,0,0,0,0,0,0,0,0,0,0,0,0,0,0,1,0,0,0,1,0,1,0,0
"This is exactly what I was looking for, thank you. Sample ID: 307",0,296,0,1,0,0,0,0,0,0,0,0,0,0,0,1,0,1,0,0,0,1,0,0,0
I would like to see more evidence for this claim. Sample ID: 432,0,297,0,0,0,0,0,0,0,0,0,0,0,1,0,0,0,0,0,0,0,0,0,0,0
I think we should consider multiple perspectives here. Sample ID: 487,0,298,0,0,0,0,0,1,0,0,0,0,0,1,0,0,0,0,0,0,1,0,0,0,0
"Thanks for sharing this information, it was very helpful. Sample ID: 481",0,299,0,1,0,0,0,0,0,0,0,0,0,0,0,0,0,0,0,0,0,1,0,0,0
This is a well-written article with some interesting points. Sample ID: 422,0,300,0,1,0,1,0,0,0,0,0,0,0,0,0,0,0,0,0,0,0,0,1,0,0
I would like to see more evidence for this claim. Sample ID: 233,0,301,0,0,1,0,0,1,1,1,1,0,0,0,0,0,0,0,0,0,0,0,0,0,0
I disagree with the author but respect their viewpoint. Sample ID: 311,0,302,0,0,0,0,0,1,0,0,0,1,0,0,0,0,0,1,0,0,0,0,0,0,0
I learned something new from this post. Sample ID: 164,0,303,0,0,0,0,0,1,0,1,0,0,0,0,0,0,0,0,0,1,0,0,1,1,0
[MOCKUP TOXIC] Mockup aggressive language placeholder. Sample ID: 136,1,304,0,0,0,0,1,0,0,0,0,0,0,0,0,0,0,0,0,0,0,0,0,1,0
This article raises important questions. Sample ID: 197,0,305,1,0,0,0,0,1,0,1,0,0,0,0,0,0,1,0,0,0,0,0,0,0,0
This article raises important questions. Sample ID: 258,0,306,0,1,0,0,0,0,0,0,0,0,0,0,0,0,0,0,0,0,0,0,1,0,1
I think we should focus on the facts here. Sample ID: 232,0,307,0,1,0,0,0,0,0,0,0,1,0,1,0,0,0,0,0,0,0,0,0,0,0
[MOCKUP TOXIC] This represents offensive content in testing. Sample ID: 115,1,308,0,0,0,0,0,0,0,0,0,0,0,0,0,0,0,0,0,0,0,1,1,0,0
[MOCKUP TOXIC] Mockup hateful language for classifier training. Sample ID: 120,1,309,0,0,0,0,0,0,0,0,0,0,0,0,0,0,0,0,0,0,0,0,0,0,0
I think we can find common ground on this. Sample ID: 349,0,310,0,1,1,0,0,0,0,0,0,0,0,0,0,0,1,0,0,0,0,0,1,0,0
Could you provide sources for this information? Sample ID: 224,0,311,0,0,0,0,0,0,0,0,1,0,0,1,0,0,0,0,0,0,0,0,0,0,0
Let's keep the discussion civil and productive. Sample ID: 402,0,312,0,0,0,0,0,0,0,0,0,0,1,0,0,0,0,0,0,0,0,0,1,0,0
I found this article to be very informative. Sample ID: 397,0,313,1,1,0,0,0,0,0,0,0,0,1,0,0,0,0,0,0,0,0,0,0,0,1
[MOCKUP TOXIC] This comment contains simulated offensive language. Sample ID: 127,1,314,0,0,0,0,1,0,0,0,1,0,0,0,0,0,0,0,0,0,0,1,0,0,1
I think there are valid arguments on both sides. Sample ID: 285,0,315,0,0,0,1,0,0,0,0,0,1,0,0,1,0,1,0,0,0,0,0,0,0,0
I think we should consider multiple perspectives here. Sample ID: 411,0,316,0,0,0,0,0,0,0,0,0,1,0,0,0,0,0,0,0,0,0,0,0,0,0
[MOCKUP TOXIC] Simulated harassment content placeholder. Sample ID: 107,1,317,0,0,0,0,0,0,0,0,0,0,1,0,0,1,0,1,0,0,0,0,0,0,0
I'd like to add some context to this discussion. Sample ID: 370,0,318,0,0,0,0,0,0,0,0,0,0,0,1,0,0,0,1,0,0,0,0,0,0,0
Thanks for bringing attention to this issue. Sample ID: 325,0,319,0,0,0,0,0,0,0,0,0,0,0,0,0,0,1,0,0,0,0,0,0,0,1
[MOCKUP TOXIC] This represents offensive content in testing. Sample ID: 133,1,320,0,0,0,0,1,1,0,0,0,0,0,0,0,0,0,0,0,0,0,0,1,0,0
This needs more context to understand fully. Sample ID: 452,0,321,0,0,0,0,0,0,0,0,1,0,0,0,0,0,0,0,0,1,0,0,0,0,0
[MOCKUP TOXIC] Synthetic toxic content for pipeline validation. Sample ID: 44,1,322,0,0,0,0,0,0,0,0,0,0,0,0,0,1,0,0,0,0,0,0,1,1,0
I appreciate the thoughtful analysis presented here. Sample ID: 460,0,323,0,0,0,0,0,0,0,0,0,0,1,0,0,1,0,0,0,0,0,0,0,0,0
[MOCKUP TOXIC] Synthetic abusive language for pipeline testing. Sample ID: 65,1,324,1,0,1,0,0,0,0,0,0,0,0,0,0,0,0,0,0,0,0,0,0,0,1
This comment section has been very educational. Sample ID: 283,0,325,0,1,0,0,1,0,0,0,1,0,0,0,0,0,0,0,0,0,1,0,0,0,0
[MOCKUP TOXIC] Simulated hostile comment for testing purposes. Sample ID: 85,1,326,0,0,0,0,0,0,0,0,0,0,0,0,1,0,0,1,0,0,0,0,0,0,0
I learned something new from this post. Sample ID: 242,0,327,0,0,0,1,0,0,0,0,1,0,0,0,0,0,0,0,1,0,0,0,0,1,0
I would like to see more evidence for this claim. Sample ID: 186,0,328,0,0,0,0,0,0,0,0,0,0,0,0,0,0,0,0,0,0,0,0,0,0,0
Could you explain more about this point? Sample ID: 383,0,329,0,0,0,0,0,0,0,0,0,0,0,0,0,0,0,0,0,0,0,0,0,0,0
I appreciate the balanced approach here. Sample ID: 159,0,330,0,0,0,1,0,0,0,0,0,0,0,1,0,1,0,0,0,0,0,0,0,0,0
[MOCKUP TOXIC] Synthetic abusive language for pipeline testing. Sample ID: 12,1,331,0,0,0,0,0,0,0,0,0,0,0,0,0,0,0,0,0,0,0,0,0,0,0
[MOCKUP TOXIC] Simulated derogatory statement for testing. Sample ID: 35,1,332,0,0,0,0,0,0,0,0,0,0,0,0,0,0,1,0,0,0,0,0,0,0,0
[MOCKUP TOXIC] Synthetic threat-like statement for testing. Sample ID: 28,1,333,0,0,1,0,0,0,0,0,0,0,0,0,0,1,0,0,0,0,0,1,0,0,0
This article raises important questions. Sample ID: 170,0,334,0,0,1,0,0,0,0,0,0,0,1,0,0,1,0,0,0,1,0,0,0,0,0
[MOCKUP TOXIC] Mockup aggressive language placeholder. Sample ID: 142,1,335,0,0,0,0,0,1,0,0,0,0,1,0,0,0,0,0,0,0,0,0,0,1,0
I think we should focus on the facts here. Sample ID: 398,0,336,0,1,0,0,0,1,1,1,0,0,0,0,0,0,0,0,1,0,0,0,0,0,0
This is a well-written article with some interesting points. Sample ID: 342,0,337,0,0,0,0,0,0,0,0,1,0,0,0,0,0,0,0,0,0,1,0,0,0,0
The comments here have been surprisingly constructive. Sample ID: 221,0,338,0,0,0,1,0,0,0,1,0,0,1,0,0,0,0,0,0,1,0,0,0,0,0
[MOCKUP TOXIC] Synthetic toxic content for pipeline validation. Sample ID: 95,1,339,0,0,0,0,0,0,0,0,0,0,0,0,0,1,0,0,0,0,0,0,0,0,0
[MOCKUP TOXIC] Simulated hostile comment for testing purposes. Sample ID: 51,1,340,0,0,0,0,0,0,0,0,1,1,0,0,0,1,1,0,0,0,0,0,0,0,0
"Thanks for sharing this information, it was very helpful. Sample ID: 240",0,341,0,0,0,0,0,0,0,0,0,1,1,0,0,0,0,0,0,0,0,1,0,0,0
I appreciate the thoughtful analysis presented here. Sample ID: 484,0,342,0,0,0,0,0,1,0,0,0,0,0,0,0,0,0,0,0,0,0,0,0,0,0
I really appreciate your perspective on this topic. Sample ID: 378,0,343,0,1,0,0,0,1,0,0,0,0,0,0,0,0,0,0,0,0,0,0,0,0,0
I respect your opinion even though I see it differently. Sample ID: 178,0,344,0,0,0,1,1,0,0,0,0,0,1,0,0,1,0,0,1,0,0,0,1,0,0
[MOCKUP TOXIC] This is a synthetic negative comment. Sample ID: 41,1,345,0,0,0,0,0,0,0,0,0,0,0,0,0,0,0,0,0,0,1,0,0,0,1
The comments here have been surprisingly constructive. Sample ID: 498,0,346,0,0,0,0,0,0,0,1,0,1,0,0,0,0,0,0,0,1,0,0,0,0,1
That's an interesting point of view. Sample ID: 421,0,347,0,1,0,0,0,0,0,0,0,0,0,0,1,0,0,0,0,0,0,0,1,0,0
I think there are valid arguments on both sides. Sample ID: 206,0,348,0,0,1,0,0,0,0,0,0,0,0,0,0,0,0,0,0,0,0,0,0,1,0
I respect your opinion even though I see it differently. Sample ID: 282,0,349,0,0,0,0,0,0,0,0,0,0,0,0,0,0,1,0,0,0,0,0,0,0,0
I think we can find common ground on this. Sample ID: 254,0,350,0,1,0,0,0,0,0,0,0,1,0,0,0,0,0,0,0,1,0,0,0,0,0
I appreciate the thoughtful analysis presented here. Sample ID: 412,0,351,0,0,0,0,1,0,0,0,0,0,1,1,0,1,0,0,0,0,0,1,0,0,0
[MOCKUP TOXIC] Simulated derogatory statement for testing. Sample ID: 4,1,352,0,0,0,0,0,0,1,0,0,0,0,0,0,1,0,0,0,0,0,0,0,0,0
The comments here have been surprisingly constructive. Sample ID: 256,0,353,0,0,0,0,0,1,0,1,1,0,0,0,0,0,0,0,0,0,0,0,0,0,0
Could you provide sources for this information? Sample ID: 448,0,354,0,0,0,1,0,0,0,0,0,0,0,0,1,0,0,0,0,0,0,0,0,0,0
[MOCKUP TOXIC] Synthetic threat-like statement for testing. Sample ID: 100,1,355,0,0,0,0,0,0,0,0,0,0,0,0,1,0,0,0,0,0,0,0,0,0,0
I think we should consider multiple perspectives here. Sample ID: 226,0,356,0,0,1,0,1,0,0,0,0,0,0,0,0,0,1,0,0,0,0,0,0,0,0
I would like to see more evidence for this claim. Sample ID: 429,0,357,0,0,0,0,0,0,0,0,0,1,1,0,0,0,1,0,0,0,0,0,0,0,1
This article raises important questions. Sample ID: 213,0,358,1,0,0,0,0,0,0,0,0,1,0,0,1,1,0,0,0,0,0,0,0,0,0
This is a well-written article with some interesting points. Sample ID: 171,0,359,0,0,0,0,0,0,0,0,0,0,0,0,0,0,0,0,0,0,0,0,0,0,0
[MOCKUP TOXIC] Synthetic toxic content for pipeline validation. Sample ID: 98,1,360,1,0,1,0,0,0,0,0,0,0,0,0,0,0,0,0,0,0,0,0,0,1,0
I disagree with the author but respect their viewpoint. Sample ID: 292,0,361,0,0,0,0,0,0,0,0,0,0,0,0,0,1,0,0,0,0,0,0,0,0,0
I would like to see more evidence for this claim. Sample ID: 215,0,362,0,0,0,0,0,1,0,0,0,0,0,0,0,1,0,0,0,0,0,1,1,0,0
[MOCKUP TOXIC] Mockup insulting comment for validation. Sample ID: 61,1,363,0,0,0,0,0,0,0,0,0,0,0,0,0,0,0,0,0,0,0,0,0,0,0
[MOCKUP TOXIC] Mockup aggressive language placeholder. Sample ID: 47,1,364,1,0,0,1,0,0,1,0,0,0,0,0,0,0,0,0,0,0,0,0,0,0,0
[MOCKUP TOXIC] Mockup aggressive language placeholder. Sample ID: 32,1,365,0,0,0,1,0,0,0,0,0,0,1,0,0,0,0,1,0,0,0,0,0,1,0
I found this article to be very informative. Sample ID: 267,0,366,1,0,0,0,0,0,0,0,0,0,0,0,0,0,0,0,0,0,0,0,0,0,0
I found this to be a thoughtful piece. Sample ID: 327,0,367,1,0,1,0,0,0,0,0,0,0,0,0,0,0,0,0,0,0,0,0,0,0,1
This comment section has been very educational. Sample ID: 200,0,368,0,0,0,0,0,0,0,0,0,0,0,0,0,0,0,0,0,0,0,1,0,0,0
Could you explain more about this point? Sample ID: 446,0,369,0,1,0,0,0,0,0,0,0,0,0,0,0,1,1,0,0,0,0,0,0,0,1
[MOCKUP TOXIC] Mockup insulting comment for validation. Sample ID: 27,1,370,0,0,1,0,0,0,0,0,0,0,1,0,0,0,0,0,0,1,0,0,0,0,1
I appreciate the balanced approach here. Sample ID: 424,0,371,0,0,0,0,0,1,0,0,0,0,0,0,0,0,0,0,0,0,0,0,1,0,0
This is a fair assessment of the situation. Sample ID: 230,0,372,0,0,0,0,0,0,0,0,0,0,0,0,1,0,0,1,0,0,0,0,0,0,0
This article raises important questions. Sample ID: 260,0,373,0,0,0,0,0,0,0,0,0,0,0,0,1,0,0,0,0,0,0,0,0,0,0
I think there are valid arguments on both sides. Sample ID: 288,0,374,0,0,0,0,0,0,0,0,0,0,0,0,0,0,0,0,0,1,0,0,1,1,1
I appreciate the balanced approach here. Sample ID: 162,0,375,0,0,0,0,0,0,0,0,0,0,0,0,0,0,0,0,0,0,0,0,0,0,0
Thanks for bringing attention to this issue. Sample ID: 425,0,376,0,0,0,0,0,0,0,0,0,0,0,0,0,0,0,0,0,0,0,0,0,0,0
[MOCKUP TOXIC] Simulated harassment content placeholder. Sample ID: 138,1,377,0,0,0,0,0,0,0,0,0,0,0,0,0,0,0,0,0,0,0,0,0,0,0
[MOCKUP TOXIC] Placeholder for hostile speech detection testing. Sample ID: 62,1,378,0,0,0,0,0,0,0,0,0,0,0,0,1,0,0,0,0,0,0,0,0,0,0
[MOCKUP TOXIC] Simulated hostile comment for testing purposes. Sample ID: 135,1,379,0,0,0,0,0,0,0,0,0,0,0,0,0,0,0,0,0,0,0,0,0,1,0
[MOCKUP TOXIC] Mockup aggressive language placeholder. Sample ID: 128,1,380,0,0,0,0,1,0,0,0,0,0,0,0,0,0,0,0,0,0,0,0,0,0,0
I disagree with the author but respect their viewpoint. Sample ID: 476,0,381,0,0,0,0,0,0,0,0,0,0,0,0,0,0,0,0,0,0,0,0,0,0,0
[MOCKUP TOXIC] Mockup insulting comment for validation. Sample ID: 8,1,382,0,0,1,0,1,0,0,1,0,0,0,0,0,0,1,0,0,0,0,0,0,0,0
Could you explain more about this point? Sample ID: 326,0,383,0,0,0,0,0,0,0,0,0,0,0,1,0,0,0,0,0,0,0,1,0,0,0
That's an interesting point of view. Sample ID: 463,0,384,0,0,0,0,0,0,0,0,0,0,0,0,0,1,0,0,0,0,0,0,0,0,0
[MOCKUP TOXIC] Simulated hostile comment for testing purposes. Sample ID: 64,1,385,0,0,0,0,0,1,0,1,0,0,0,0,0,1,0,0,0,0,0,0,0,0,0
I really appreciate your perspective on this topic. Sample ID: 300,0,386,0,0,0,0,0,0,0,1,1,0,0,0,0,0,0,0,1,0,1,0,0,0,0
[MOCKUP TOXIC] Simulated hostile comment for testing purposes. Sample ID: 14,1,387,0,0,0,0,0,0,0,0,0,0,1,1,0,0,1,0,0,0,0,0,1,0,0
This is a fair assessment of the situation. Sample ID: 156,0,388,0,0,1,0,0,0,0,0,0,0,0,0,0,0,0,0,0,0,0,0,0,0,1
[MOCKUP TOXIC] Simulated discriminatory language placeholder. Sample ID: 40,1,389,0,0,0,1,0,0,0,0,0,0,0,0,0,0,0,0,0,0,0,0,0,0,0
I disagree with the author but respect their viewpoint. Sample ID: 379,0,390,1,0,0,0,0,0,0,0,0,0,0,0,0,0,0,0,0,0,1,0,1,0,0
I respect your opinion even though I see it differently. Sample ID: 468,0,391,0,0,0,0,0,0,0,0,0,0,0,0,0,1,0,0,0,0,1,0,0,0,0
This needs more context to understand fully. Sample ID: 403,0,392,0,0,0,0,0,0,0,0,0,0,0,0,0,1,0,0,1,1,0,0,0,0,0
I think we should focus on the facts here. Sample ID: 216,0,393,0,0,0,0,0,0,0,0,0,0,0,0,0,0,0,0,0,0,0,0,0,0,0
"Great discussion, everyone has made good points. Sample ID: 279",0,394,0,0,0,0,0,0,1,0,1,0,0,0,1,0,0,0,0,0,0,0,0,0,0
I'd like to add some context to this discussion. Sample ID: 434,0,395,1,0,0,0,0,0,1,0,0,0,0,0,0,0,0,0,0,0,0,0,0,0,0
This is a complex issue that deserves more discussion. Sample ID: 430,0,396,0,0,0,0,0,0,0,0,0,0,0,1,0,0,0,0,0,0,0,0,0,0,0
This needs more context to understand fully. Sample ID: 337,0,397,0,0,0,0,0,0,0,0,0,0,0,0,0,0,0,0,0,0,0,0,0,0,0
Could you provide sources for this information? Sample ID: 236,0,398,0,0,0,0,0,0,0,0,0,0,0,1,0,0,0,0,0,0,0,0,0,0,0
I really appreciate your perspective on this topic. Sample ID: 207,0,399,0,0,0,0,0,0,0,0,0,1,0,0,0,0,0,0,1,1,0,0,0,0,0
I would like to see more evidence for this claim. Sample ID: 212,0,400,0,0,0,0,0,0,0,0,1,0,0,0,0,0,0,0,0,0,0,0,0,0,0
I appreciate the balanced approach here. Sample ID: 295,0,401,1,0,0,0,0,0,0,0,0,0,1,0,0,0,0,0,1,1,0,0,0,0,0
That's an interesting point of view. Sample ID: 457,0,402,0,0,0,0,0,0,1,1,0,0,1,0,0,0,0,0,0,0,0,0,0,0,0
I appreciate the balanced approach here. Sample ID: 251,0,403,0,0,0,0,0,0,0,0,0,0,0,0,0,0,0,0,0,0,0,0,0,0,0
I think we should focus on the facts here. Sample ID: 488,0,404,0,0,0,0,0,0,0,0,1,1,0,0,0,0,0,0,0,0,0,1,1,0,0
I found this article to be very informative. Sample ID: 486,0,405,0,0,0,0,0,0,0,0,0,0,0,0,0,0,0,1,0,0,0,0,0,0,0
This comment section has been very educational. Sample ID: 303,0,406,0,0,0,1,0,1,0,0,1,1,1,0,0,0,0,0,0,0,0,0,0,0,0
That's an interesting point of view. Sample ID: 350,0,407,0,0,0,0,0,0,1,0,0,0,0,0,0,0,1,0,0,0,0,0,0,0,0
I'd like to add some context to this discussion. Sample ID: 269,0,408,1,0,0,0,1,0,0,0,0,0,0,0,0,0,0,0,0,0,0,0,0,0,0
That's an interesting point of view. Sample ID: 201,0,409,0,0,0,0,0,0,0,0,0,0,0,0,1,0,0,0,0,1,0,0,0,0,0
"This is exactly what I was looking for, thank you. Sample ID: 161",0,410,0,0,0,0,0,1,0,0,0,0,0,0,0,0,0,0,0,0,0,0,0,0,0
[MOCKUP TOXIC] This represents offensive content in testing. Sample ID: 43,1,411,1,0,0,0,0,0,0,0,0,0,0,1,0,1,0,0,1,0,0,1,0,0,0
"Thanks for sharing this information, it was very helpful. Sample ID: 217",0,412,1,0,0,1,0,0,0,0,0,0,0,0,0,0,0,0,0,0,0,0,0,0,0
I think there are valid arguments on both sides. Sample ID: 401,0,413,0,0,0,0,0,1,0,1,0,0,0,0,0,0,0,0,0,0,0,0,0,0,0
I really appreciate your perspective on this topic. Sample ID: 190,0,414,0,0,0,0,0,0,0,1,0,0,0,0,0,0,0,0,0,0,0,0,1,0,0
I'd like to add some context to this discussion. Sample ID: 309,0,415,0,0,1,0,1,0,0,0,0,1,0,0,0,0,0,0,0,0,0,1,0,0,0
This is a fair assessment of the situation. Sample ID: 259,0,416,0,0,0,0,0,0,0,0,0,0,0,1,0,0,0,0,0,0,0,0,0,0,1
[MOCKUP TOXIC] Synthetic threat-like statement for testing. Sample ID: 105,1,417,0,1,0,0,0,0,0,0,0,0,0,0,1,1,0,0,0,0,0,0,0,0,0
[MOCKUP TOXIC] Simulated hostile comment for testing purposes. Sample ID: 53,1,418,0,0,0,0,0,0,0,0,0,0,0,0,0,0,0,0,0,0,0,0,0,0,0
I'd like to add some context to this discussion. Sample ID: 389,0,419,0,0,1,0,0,0,0,0,0,0,0,0,0,0,0,0,0,0,0,0,0,0,0
[MOCKUP TOXIC] Simulated hostile comment for testing purposes. Sample ID: 1,1,420,0,0,0,0,0,0,0,1,0,1,0,0,1,1,1,0,0,0,1,0,0,0,0
Could you explain more about this point? Sample ID: 441,0,421,0,0,0,0,0,0,0,0,1,0,0,1,0,0,0,0,0,0,0,0,0,0,0
I disagree with the author but respect their viewpoint. Sample ID: 482,0,422,0,0,0,0,0,0,0,0,0,0,1,0,0,0,0,0,0,0,0,0,0,0,1
[MOCKUP TOXIC] Synthetic toxic content for pipeline validation. Sample ID: 49,1,423,0,0,0,0,0,0,0,0,0,0,0,0,0,0,0,0,0,0,0,0,0,0,0
This is a well-written article with some interesting points. Sample ID: 419,0,424,0,0,1,0,0,0,0,1,0,0,0,0,0,0,0,1,0,0,1,0,0,0,0
[MOCKUP TOXIC] This comment contains simulated offensive language. Sample ID: 80,1,425,0,0,1,0,1,1,0,0,0,0,0,0,0,0,0,0,0,0,0,0,0,0,0
This is a complex issue that deserves more discussion. Sample ID: 205,0,426,0,0,0,0,0,0,0,0,0,0,1,0,1,0,0,0,0,0,0,0,0,0,0
[MOCKUP TOXIC] Simulated harassment content placeholder. Sample ID: 34,1,427,0,0,1,0,1,1,0,0,0,0,0,0,0,0,0,0,1,0,0,1,0,0,0
I respect your opinion even though I see it differently. Sample ID: 263,0,428,0,0,0,0,0,0,0,0,0,0,0,0,0,0,0,0,0,0,0,0,0,0,0
I think we should focus on the facts here. Sample ID: 427,0,429,0,0,0,0,0,0,0,0,0,1,0,0,0,0,0,0,0,1,0,0,0,0,0
I think we should focus on the facts here. Sample ID: 366,0,430,0,0,0,0,0,0,0,1,0,0,0,0,0,0,0,0,0,1,0,0,0,0,0
[MOCKUP TOXIC] Simulated derogatory statement for testing. Sample ID: 91,1,431,0,0,0,0,0,0,1,0,0,0,0,0,1,0,0,0,0,0,0,0,0,0,0
I think there are valid arguments on both sides. Sample ID: 339,0,432,0,1,0,0,1,0,0,0,0,1,0,0,0,0,0,0,0,0,0,0,0,0,1
I think we should focus on the facts here. Sample ID: 473,0,433,0,0,0,0,0,0,0,0,1,0,0,1,0,0,0,0,0,0,0,0,0,0,0
[MOCKUP TOXIC] This represents offensive content in testing. Sample ID: 52,1,434,0,0,0,0,1,0,0,0,0,0,0,0,0,1,0,0,1,0,0,0,1,0,0
This comment section has been very educational. Sample ID: 345,0,435,0,0,0,0,0,0,0,0,0,0,0,0,0,0,0,0,0,0,0,0,0,0,0
Thanks for bringing attention to this issue. Sample ID: 264,0,436,0,0,0,0,0,0,0,0,0,1,0,0,0,0,0,0,0,0,0,0,0,1,0
I think we should focus on the facts here. Sample ID: 241,0,437,0,1,0,0,0,0,0,0,0,0,0,0,0,0,0,0,0,0,0,0,0,0,1
[MOCKUP TOXIC] Mockup hateful language for classifier training. Sample ID: 13,1,438,0,0,0,0,0,1,1,0,1,0,0,0,0,0,0,0,0,0,0,0,0,0,0
I respect your opinion even though I see it differently. Sample ID: 315,0,439,0,0,0,0,0,0,1,0,0,0,0,0,0,0,0,0,0,0,0,0,0,0,0
[MOCKUP TOXIC] This is a toxic content placeholder for testing. Sample ID: 88,1,440,0,0,1,0,0,0,0,0,0,0,0,0,0,0,0,0,0,0,0,1,0,0,1
Thanks for bringing attention to this issue. Sample ID: 387,0,441,1,0,0,0,0,0,0,0,0,0,0,0,0,0,0,0,0,0,0,0,0,0,0
I think we should focus on the facts here. Sample ID: 273,0,442,0,0,0,0,0,0,0,0,0,0,0,0,0,0,0,1,0,0,0,0,0,0,0
I think we should consider multiple perspectives here. Sample ID: 166,0,443,0,0,0,0,0,0,1,0,0,0,1,0,0,0,0,0,0,1,0,0,1,0,0
Thanks for bringing attention to this issue. Sample ID: 328,0,444,0,0,0,0,0,0,1,0,0,0,0,1,0,0,0,0,0,0,0,0,0,0,0
"This is exactly what I was looking for, thank you. Sample ID: 492",0,445,1,0,0,0,0,0,0,0,1,1,0,0,0,0,0,0,0,0,0,0,0,0,0
[MOCKUP TOXIC] Simulated derogatory statement for testing. Sample ID: 134,1,446,1,0,0,0,0,0,0,0,0,0,0,0,1,0,0,0,0,0,1,0,0,0,0
I disagree with the author but respect their viewpoint. Sample ID: 306,0,447,0,1,0,0,0,0,0,0,0,0,0,0,0,0,0,0,0,1,0,0,0,1,0
I appreciate the balanced approach here. Sample ID: 480,0,448,0,0,1,0,0,0,0,0,0,0,0,0,0,0,0,1,0,0,0,0,0,0,0
I think we should consider multiple perspectives here. Sample ID: 319,0,449,0,0,0,0,0,1,0,0,0,0,0,0,0,0,0,0,0,0,0,0,1,1,0
"This is exactly what I was looking for, thank you. Sample ID: 243",0,450,0,0,0,0,0,0,0,0,0,0,0,0,0,1,0,1,0,0,0,0,0,0,0
[MOCKUP TOXIC] Synthetic toxic content for pipeline validation. Sample ID: 54,1,451,0,0,0,0,1,0,0,0,0,0,0,0,1,0,0,0,0,0,0,0,1,0,0
I think there are valid arguments on both sides. Sample ID: 363,0,452,0,0,0,0,0,0,0,1,0,0,0,0,0,0,0,0,0,0,0,0,0,0,0
[MOCKUP TOXIC] Simulated hostile comment for testing purposes. Sample ID: 50,1,453,1,1,0,0,0,0,0,0,0,0,0,0,0,0,0,0,0,0,0,0,1,0,0
I would like to see more evidence for this claim. Sample ID: 456,0,454,0,0,0,1,0,1,1,0,0,0,0,0,1,0,0,0,1,0,0,0,0,0,1
I think we should consider multiple perspectives here. Sample ID: 174,0,455,0,0,1,1,0,0,0,0,0,0,0,0,0,0,1,0,0,0,0,0,0,0,0
I appreciate the balanced approach here. Sample ID: 445,0,456,0,0,0,0,0,0,0,1,0,0,0,0,0,0,0,0,0,0,0,0,0,0,0
I'd like to add some context to this discussion. Sample ID: 189,0,457,0,0,0,0,0,0,0,0,0,0,0,0,0,0,0,0,0,0,0,0,0,0,0
This is a complex issue that deserves more discussion. Sample ID: 496,0,458,0,0,0,0,0,0,0,0,0,0,1,0,0,0,0,0,1,0,0,0,0,0,1
I found this article to be very informative. Sample ID: 187,0,459,0,0,0,0,0,0,0,0,0,0,1,0,0,1,0,0,0,0,0,0,0,0,0
I disagree with the author but respect their viewpoint. Sample ID: 169,0,460,0,0,0,0,1,0,0,0,0,0,0,0,0,0,0,0,1,1,0,0,0,0,0
[MOCKUP TOXIC] Simulated derogatory statement for testing. Sample ID: 58,1,461,0,0,0,0,0,0,0,0,0,0,0,1,0,0,0,0,1,0,0,0,0,0,0
[MOCKUP TOXIC] Simulated discriminatory language placeholder. Sample ID: 48,1,462,0,0,0,0,0,0,0,0,1,0,0,0,1,1,1,0,0,0,0,0,1,0,0
This comment section has been very educational. Sample ID: 344,0,463,0,0,0,0,0,1,0,0,0,0,0,0,0,0,0,0,0,0,0,0,1,0,0
I really appreciate your perspective on this topic. Sample ID: 235,0,464,1,0,1,0,0,0,0,0,0,0,0,0,0,0,0,0,1,0,0,0,0,0,0
I disagree with the author but respect their viewpoint. Sample ID: 252,0,465,0,0,0,0,0,0,0,0,0,0,0,0,0,0,0,0,0,0,1,0,0,0,0
[MOCKUP TOXIC] Mockup aggressive language placeholder. Sample ID: 21,1,466,0,0,1,0,0,0,0,0,0,1,0,1,0,0,0,0,0,0,1,0,0,0,0
Could you explain more about this point? Sample ID: 313,0,467,0,0,0,0,0,0,0,0,0,0,0,0,0,0,0,0,0,0,1,0,0,0,0
I found this article to be very informative. Sample ID: 459,0,468,0,0,0,0,0,1,0,0,1,1,0,1,1,0,0,0,0,0,0,0,0,0,0
This needs more context to understand fully. Sample ID: 160,0,469,1,0,0,0,0,0,0,0,0,0,0,0,0,0,0,0,0,0,0,0,0,0,0
I think we can find common ground on this. Sample ID: 276,0,470,1,0,0,0,0,0,0,1,1,0,0,0,0,0,0,1,0,0,0,0,0,0,0
"Thanks for sharing this information, it was very helpful. Sample ID: 443",0,471,1,1,0,0,1,0,0,0,1,0,0,0,0,0,0,0,0,0,0,1,0,1,0
I respect your opinion even though I see it differently. Sample ID: 191,0,472,0,0,0,0,1,0,0,0,0,0,0,0,0,0,0,0,0,0,0,1,0,0,1
This needs more context to understand fully. Sample ID: 385,0,473,0,0,0,0,0,0,0,0,0,0,0,0,1,0,0,1,0,0,0,0,0,0,0
That's an interesting point of view. Sample ID: 293,0,474,0,0,0,0,0,0,0,0,0,0,0,0,0,0,0,0,0,0,1,0,0,0,0
Let's keep the discussion civil and productive. Sample ID: 413,0,475,1,0,0,1,0,0,0,1,0,0,0,1,1,0,0,0,0,0,0,0,0,0,0
I respect your opinion even though I see it differently. Sample ID: 343,0,476,0,0,0,0,0,0,1,0,0,0,0,0,0,0,0,1,0,0,1,0,0,1,0
I disagree with the author but respect their viewpoint. Sample ID: 257,0,477,0,0,0,0,0,0,0,0,0,0,0,0,0,0,0,0,0,0,0,0,0,0,0
This is a well-written article with some interesting points. Sample ID: 308,0,478,1,0,0,0,0,0,0,0,0,0,0,0,0,0,0,0,0,0,0,1,0,0,0
[MOCKUP TOXIC] Placeholder for hostile speech detection testing. Sample ID: 149,1,479,0,0,0,0,0,1,0,0,0,0,0,0,0,0,0,0,1,0,0,0,0,0,0
[MOCKUP TOXIC] This comment contains simulated offensive language. Sample ID: 130,1,480,0,0,0,1,0,0,0,0,0,1,0,0,0,0,0,0,0,0,0,0,0,0,0
I found this article to be very informative. Sample ID: 151,0,481,0,0,0,0,0,0,0,0,0,0,0,0,0,0,0,0,0,0,0,0,0,0,0
I think we should consider multiple perspectives here. Sample ID: 359,0,482,0,0,0,0,1,0,0,0,0,0,0,1,0,1,0,0,1,0,0,0,0,0,0
[MOCKUP TOXIC] Mockup aggressive language placeholder. Sample ID: 99,1,483,0,0,0,0,0,0,1,0,0,0,0,0,0,0,0,0,1,0,0,1,0,0,0
This is a fair assessment of the situation. Sample ID: 372,0,484,0,0,0,0,0,0,0,0,0,0,0,0,0,0,0,0,0,0,0,0,0,0,0
[MOCKUP TOXIC] Mockup aggressive language placeholder. Sample ID: 87,1,485,1,0,0,0,1,1,0,1,0,0,1,0,0,0,0,0,0,0,0,0,0,0,0
I think we should focus on the facts here. Sample ID: 458,0,486,0,0,0,0,0,0,0,0,0,0,0,0,1,0,0,0,0,0,0,0,0,0,0
This needs more context to understand fully. Sample ID: 330,0,487,0,0,0,0,0,0,0,0,0,0,0,1,0,0,1,0,0,1,0,0,1,0,0
This is a complex issue that deserves more discussion. Sample ID: 214,0,488,1,0,0,0,0,0,0,0,0,0,0,0,0,0,0,0,0,0,0,0,0,0,0
"Well said, I agree with most of your points. Sample ID: 466",0,489,0,0,0,0,0,0,0,0,0,0,1,0,0,0,0,0,0,0,0,0,0,0,0
[MOCKUP TOXIC] Mockup aggressive language placeholder. Sample ID: 121,1,490,0,0,1,0,0,0,0,0,0,1,0,0,0,1,0,0,0,0,0,0,0,0,1
This is a fair assessment of the situation. Sample ID: 499,0,491,0,0,0,0,0,0,0,0,0,0,0,0,0,0,0,0,0,0,0,0,0,0,0
[MOCKUP TOXIC] Mockup aggressive language placeholder. Sample ID: 20,1,492,0,0,0,0,0,0,0,0,0,0,0,0,0,0,0,0,0,0,0,0,0,0,0
This is a fair assessment of the situation. Sample ID: 188,0,493,0,0,0,0,0,0,0,0,0,0,0,0,0,0,0,0,1,0,0,0,0,0,0
[MOCKUP TOXIC] Synthetic threat-like statement for testing. Sample ID: 71,1,494,0,0,0,0,0,0,0,0,0,0,0,0,1,1,0,0,0,0,0,0,0,0,0
[MOCKUP TOXIC] Simulated hostile comment for testing purposes. Sample ID: 106,1,495,0,0,0,0,0,0,0,0,0,0,0,0,0,0,0,0,1,0,0,0,0,0,0
Could you provide sources for this information? Sample ID: 270,0,496,0,1,0,1,0,0,0,0,0,0,0,0,0,0,0,0,1,0,0,0,0,1,0
"Well said, I agree with most of your points. Sample ID: 348",0,497,0,0,0,0,0,0,0,0,0,0,0,0,0,1,0,0,0,1,0,1,0,0,0
This is a complex issue that deserves more discussion. Sample ID: 435,0,498,1,1,0,0,1,0,0,0,0,0,0,0,0,0,0,1,0,0,1,0,0,0,0
[MOCKUP TOXIC] Mockup insulting comment for validation. Sample ID: 102,1,499,1,0,0,0,0,0,0,0,0,0,0,0,0,0,0,0,0,1,0,0,0,0,1
